oof_f05_in_sample,config
0.9673889690712615,"['d3', 0.0, 1.5, -0.25, False]"
0.9673637176815502,"['d3', 0.0, 1.25, -0.25, False]"
0.9673467572451818,"['d1', 0.0, 0.5, 0.5, 0.7]"
0.9673386521876824,"['d3', 0.0, 1.0, 0.0, False]"
0.9673324993744556,"['d3', 1.0, 1.5, -0.25, False]"
0.9673312471676909,"['d3', 0.0, 1.25, 0.0, False]"
0.9673296721080967,"['d1', 0.0, 0.5, 0.55, 0.7]"
0.9673250921509092,"['d1', 0.0, 0.5, 0.75, 0.0]"
0.9673250921509092,"['d1', 0.0, 0.5, 0.75, 0.5]"
0.9673250921509092,"['d1', 0.0, 0.5, 0.75, 0.7]"
0.9673233192942438,"['d1', 0.0, 0.5, 0.6, 0.7]"
0.9673206687287748,"['d3', 1.0, 1.25, -0.25, False]"
0.9673165236593233,"['d1', 0.0, 0.5, 0.65, 0.7]"
0.9673050409753405,"['d1', 0.0, 0.55, 0.5, 0.7]"
0.9673037072625567,"['d3', 0.0, 1.5, -0.5, False]"
0.9673003631878502,"['d1', 0.0, 0.5, 0.7, 0.0]"
0.9673003631878502,"['d1', 0.0, 0.5, 0.7, 0.5]"
0.9673003631878502,"['d1', 0.0, 0.5, 0.7, 0.7]"
0.9672951780604776,"['d1', 0.0, 0.55, 0.55, 0.7]"
0.9672949906400004,"['d3', 0.0, 1.5, 0.0, False]"
0.967290985065341,"['d1', 1.0, 0.5, 0.5, 0.7]"
0.9672905981032902,"['d1', 0.0, 0.55, 0.75, 0.0]"
0.9672905981032902,"['d1', 0.0, 0.55, 0.75, 0.5]"
0.9672905981032902,"['d1', 0.0, 0.55, 0.75, 0.7]"
0.9672888252466247,"['d1', 0.0, 0.55, 0.6, 0.7]"
0.9672820296117041,"['d1', 0.0, 0.55, 0.65, 0.7]"
0.9672756900629649,"['d1', 1.0, 0.5, 0.75, 0.0]"
0.9672756900629649,"['d1', 1.0, 0.5, 0.75, 0.5]"
0.9672756900629649,"['d1', 1.0, 0.5, 0.75, 0.7]"
0.967273899928256,"['d1', 1.0, 0.5, 0.55, 0.7]"
0.9672697693366253,"['d1', 1.0, 0.5, 0.6, 0.7]"
0.9672673769577423,"['d3', 1.0, 1.0, 0.0, False]"
0.9672666284069358,"['d3', 1.0, 1.5, -0.5, False]"
0.9672658691402314,"['d1', 0.0, 0.55, 0.7, 0.0]"
0.9672658691402314,"['d1', 0.0, 0.55, 0.7, 0.5]"
0.9672658691402314,"['d1', 0.0, 0.55, 0.7, 0.7]"
0.9672629737017048,"['d1', 1.0, 0.5, 0.65, 0.7]"
0.9672592687954996,"['d1', 1.0, 0.55, 0.5, 0.7]"
0.9672549814515309,"['d1', 0.0, 0.6, 0.5, 0.7]"
0.9672535722100725,"['d3', 1.0, 1.25, 0.0, False]"
0.9672519406281996,"['d3', 0.0, 1.25, -0.5, False]"
0.9672511960153458,"['d1', 1.0, 0.55, 0.75, 0.0]"
0.9672511960153458,"['d1', 1.0, 0.55, 0.75, 0.5]"
0.9672511960153458,"['d1', 1.0, 0.55, 0.75, 0.7]"
0.9672494058806369,"['d1', 1.0, 0.55, 0.55, 0.7]"
0.967247618536668,"['d1', 0.0, 0.6, 0.55, 0.7]"
0.967246813230232,"['d1', 1.0, 0.5, 0.7, 0.0]"
0.967246813230232,"['d1', 1.0, 0.5, 0.7, 0.5]"
0.967246813230232,"['d1', 1.0, 0.5, 0.7, 0.7]"
0.9672452752890064,"['d1', 1.0, 0.55, 0.6, 0.7]"
0.9672430385794805,"['d1', 0.0, 0.6, 0.75, 0.0]"
0.9672430385794805,"['d1', 0.0, 0.6, 0.75, 0.5]"
0.9672430385794805,"['d1', 0.0, 0.6, 0.75, 0.7]"
0.9672412657228153,"['d1', 0.0, 0.6, 0.6, 0.7]"
0.9672384796540857,"['d1', 1.0, 0.55, 0.65, 0.7]"
0.9672344700878948,"['d1', 0.0, 0.6, 0.65, 0.7]"
0.9672223191826127,"['d1', 1.0, 0.55, 0.7, 0.0]"
0.9672223191826127,"['d1', 1.0, 0.55, 0.7, 0.5]"
0.9672223191826127,"['d1', 1.0, 0.55, 0.7, 0.7]"
0.9672204284245444,"['d3', 0.0, 1.0, -0.25, False]"
0.9672183096164217,"['d1', 0.0, 0.6, 0.7, 0.0]"
0.9672183096164217,"['d1', 0.0, 0.6, 0.7, 0.5]"
0.9672183096164217,"['d1', 0.0, 0.6, 0.7, 0.7]"
0.9672177497821741,"['d3', 1.0, 1.5, 0.0, False]"
0.9672166679594673,"['d1', 0.0, 0.45, 0.5, 0.7]"
0.9672119552673969,"['d3', 1.0, 1.25, -0.5, False]"
0.9672092092716903,"['d1', 1.0, 0.6, 0.5, 0.7]"
0.9672036364915363,"['d1', 1.0, 0.6, 0.75, 0.0]"
0.9672036364915363,"['d1', 1.0, 0.6, 0.75, 0.5]"
0.9672036364915363,"['d1', 1.0, 0.6, 0.75, 0.7]"
0.9672018463568276,"['d1', 1.0, 0.6, 0.55, 0.7]"
0.9671995828223824,"['d1', 0.0, 0.45, 0.55, 0.7]"
0.9671977157651966,"['d1', 1.0, 0.6, 0.6, 0.7]"
0.9671959617906364,"['d1', 0.0, 0.65, 0.5, 0.7]"
0.9671954138598533,"['d3', 1.0, 1.0, -0.25, False]"
0.9671950028651949,"['d1', 0.0, 0.45, 0.75, 0.0]"
0.9671950028651949,"['d1', 0.0, 0.45, 0.75, 0.5]"
0.9671950028651949,"['d1', 0.0, 0.45, 0.75, 0.7]"
0.9671932300085295,"['d1', 0.0, 0.45, 0.6, 0.7]"
0.9671909201302762,"['d1', 1.0, 0.6, 0.65, 0.7]"
0.9671894322091067,"['d1', 0.0, 0.65, 0.55, 0.7]"
0.9671883262778933,"['d1', 0.0, 0.65, 0.75, 0.0]"
0.9671883262778933,"['d1', 0.0, 0.65, 0.75, 0.5]"
0.9671883262778933,"['d1', 0.0, 0.65, 0.75, 0.7]"
0.9671865534212277,"['d1', 0.0, 0.65, 0.6, 0.7]"
0.967186434373609,"['d1', 0.0, 0.45, 0.65, 0.7]"
0.9671797577863073,"['d1', 0.0, 0.65, 0.65, 0.7]"
0.9671747596588033,"['d1', 1.0, 0.6, 0.7, 0.0]"
0.9671747596588033,"['d1', 1.0, 0.6, 0.7, 0.5]"
0.9671747596588033,"['d1', 1.0, 0.6, 0.7, 0.7]"
0.967170273902136,"['d1', 0.0, 0.45, 0.7, 0.0]"
0.967170273902136,"['d1', 0.0, 0.45, 0.7, 0.5]"
0.967170273902136,"['d1', 0.0, 0.45, 0.7, 0.7]"
0.9671635973148345,"['d1', 0.0, 0.65, 0.7, 0.0]"
0.9671635973148345,"['d1', 0.0, 0.65, 0.7, 0.5]"
0.9671635973148345,"['d1', 0.0, 0.65, 0.7, 0.7]"
0.9671600624462933,"['d1', 1.0, 0.45, 0.5, 0.7]"
0.9671524118330178,"['d1', 1.0, 0.65, 0.5, 0.7]"
0.9671489241899489,"['d1', 1.0, 0.65, 0.75, 0.0]"
0.9671489241899489,"['d1', 1.0, 0.65, 0.75, 0.5]"
0.9671489241899489,"['d1', 1.0, 0.65, 0.75, 0.7]"
0.9671458822514882,"['d1', 1.0, 0.65, 0.55, 0.7]"
0.9671447674439172,"['d1', 1.0, 0.45, 0.75, 0.0]"
0.9671447674439172,"['d1', 1.0, 0.45, 0.75, 0.5]"
0.9671447674439172,"['d1', 1.0, 0.45, 0.75, 0.7]"
0.9671430034636095,"['d1', 1.0, 0.65, 0.6, 0.7]"
0.9671429773092082,"['d1', 1.0, 0.45, 0.55, 0.7]"
0.9671388467175777,"['d1', 1.0, 0.45, 0.6, 0.7]"
0.9671362078286888,"['d1', 1.0, 0.65, 0.65, 0.7]"
0.9671320510826571,"['d1', 1.0, 0.45, 0.65, 0.7]"
0.9671200473572161,"['d1', 1.0, 0.65, 0.7, 0.0]"
0.9671200473572161,"['d1', 1.0, 0.65, 0.7, 0.5]"
0.9671200473572161,"['d1', 1.0, 0.65, 0.7, 0.7]"
0.9671158906111842,"['d1', 1.0, 0.45, 0.7, 0.0]"
0.9671158906111842,"['d1', 1.0, 0.45, 0.7, 0.5]"
0.9671158906111842,"['d1', 1.0, 0.45, 0.7, 0.7]"
0.9670915755669622,"['d3', 0.0, 1.0, 0.25, False]"
0.9670903266607515,"['d3', 0.0, 0.8, 0.0, False]"
0.9670831262928006,"['d1', 0.0, 0.4, 0.5, 0.7]"
0.9670660411557155,"['d1', 0.0, 0.4, 0.55, 0.7]"
0.9670614611985283,"['d1', 0.0, 0.4, 0.75, 0.0]"
0.9670614611985283,"['d1', 0.0, 0.4, 0.75, 0.5]"
0.9670614611985283,"['d1', 0.0, 0.4, 0.75, 0.7]"
0.967059688341863,"['d1', 0.0, 0.4, 0.6, 0.7]"
0.9670528927069421,"['d1', 0.0, 0.4, 0.65, 0.7]"
0.9670510970824555,"['d3', 1.0, 0.8, 0.0, False]"
0.9670367322354693,"['d1', 0.0, 0.4, 0.7, 0.0]"
0.9670367322354693,"['d1', 0.0, 0.4, 0.7, 0.5]"
0.9670367322354693,"['d1', 0.0, 0.4, 0.7, 0.7]"
0.9670215207796266,"['d1', 1.0, 0.4, 0.5, 0.7]"
0.9670134796200598,"['d3', 1.0, 1.0, 0.25, False]"
0.9670073299398985,"['d3', 0.0, 0.8, 0.25, False]"
0.9670062257772505,"['d1', 1.0, 0.4, 0.75, 0.0]"
0.9670062257772505,"['d1', 1.0, 0.4, 0.75, 0.5]"
0.9670062257772505,"['d1', 1.0, 0.4, 0.75, 0.7]"
0.9670044356425417,"['d1', 1.0, 0.4, 0.55, 0.7]"
0.967000305050911,"['d1', 1.0, 0.4, 0.6, 0.7]"
0.9669959862506653,"['d3', 0.0, 1.25, 0.25, False]"
0.9669935094159903,"['d1', 1.0, 0.4, 0.65, 0.7]"
0.9669773489445176,"['d1', 1.0, 0.4, 0.7, 0.0]"
0.9669773489445176,"['d1', 1.0, 0.4, 0.7, 0.5]"
0.9669773489445176,"['d1', 1.0, 0.4, 0.7, 0.7]"
0.9669254179594673,"['d1', 0.0, 0.35, 0.5, 0.7]"
0.9669219653906129,"['d3', 1.0, 1.25, 0.25, False]"
0.9669185711092066,"['d1', 0.0, 0.5, 0.8, 0.0]"
0.9669185711092066,"['d1', 0.0, 0.5, 0.8, 0.5]"
0.9669185711092066,"['d1', 0.0, 0.5, 0.8, 0.7]"
0.9669083328223822,"['d1', 0.0, 0.35, 0.55, 0.7]"
0.966903752865195,"['d1', 0.0, 0.35, 0.75, 0.0]"
0.966903752865195,"['d1', 0.0, 0.35, 0.75, 0.5]"
0.966903752865195,"['d1', 0.0, 0.35, 0.75, 0.7]"
0.9669019800085294,"['d1', 0.0, 0.35, 0.6, 0.7]"
0.9668953448614291,"['d1', 0.0, 0.5, 0.65, 0.0]"
0.9668953448614291,"['d1', 0.0, 0.5, 0.65, 0.5]"
0.9668951843736088,"['d1', 0.0, 0.35, 0.65, 0.7]"
0.9668870516646221,"['d3', 0.0, 1.5, 0.25, False]"
0.9668840770615876,"['d1', 0.0, 0.55, 0.8, 0.0]"
0.9668840770615876,"['d1', 0.0, 0.55, 0.8, 0.5]"
0.9668840770615876,"['d1', 0.0, 0.55, 0.8, 0.7]"
0.9668790526016137,"['d3', 1.0, 0.8, 0.25, False]"
0.966879023902136,"['d1', 0.0, 0.35, 0.7, 0.0]"
0.966879023902136,"['d1', 0.0, 0.35, 0.7, 0.5]"
0.966879023902136,"['d1', 0.0, 0.35, 0.7, 0.7]"
0.9668781066163603,"['d1', 1.0, 0.5, 0.8, 0.0]"
0.9668781066163603,"['d1', 1.0, 0.5, 0.8, 0.5]"
0.9668781066163603,"['d1', 1.0, 0.5, 0.8, 0.7]"
0.9668638124462933,"['d1', 1.0, 0.35, 0.5, 0.7]"
0.9668608508138102,"['d1', 0.0, 0.55, 0.65, 0.0]"
0.9668608508138102,"['d1', 0.0, 0.55, 0.65, 0.5]"
0.9668577806429728,"['d1', 0.0, 0.7, 0.75, 0.0]"
0.9668577806429728,"['d1', 0.0, 0.7, 0.75, 0.5]"
0.9668577806429728,"['d1', 0.0, 0.7, 0.75, 0.7]"
0.9668536125687414,"['d1', 1.0, 0.55, 0.8, 0.0]"
0.9668536125687414,"['d1', 1.0, 0.55, 0.8, 0.5]"
0.9668536125687414,"['d1', 1.0, 0.55, 0.8, 0.7]"
0.966851856451531,"['d1', 0.0, 0.7, 0.5, 0.7]"
0.9668518167689915,"['d1', 0.0, 0.7, 0.55, 0.7]"
0.9668485174439172,"['d1', 1.0, 0.35, 0.75, 0.0]"
0.9668485174439172,"['d1', 1.0, 0.35, 0.75, 0.5]"
0.9668485174439172,"['d1', 1.0, 0.35, 0.75, 0.7]"
0.9668483788180533,"['d1', 0.0, 0.7, 0.65, 0.7]"
0.9668476278574207,"['d3', 0.0, 1.0, -0.5, False]"
0.9668472713144459,"['d1', 0.0, 0.7, 0.6, 0.7]"
0.9668467273092081,"['d1', 1.0, 0.35, 0.55, 0.7]"
0.9668425967175777,"['d1', 1.0, 0.35, 0.6, 0.7]"
0.966840923775672,"['d3', 0.0, 0.8, -0.25, False]"
0.9668365175377781,"['d1', 0.0, 0.6, 0.8, 0.0]"
0.9668365175377781,"['d1', 0.0, 0.6, 0.8, 0.5]"
0.9668365175377781,"['d1', 0.0, 0.6, 0.8, 0.7]"
0.966835801082657,"['d1', 1.0, 0.35, 0.65, 0.7]"
0.9668330516799137,"['d1', 0.0, 0.7, 0.7, 0.0]"
0.9668330516799137,"['d1', 0.0, 0.7, 0.7, 0.5]"
0.9668330516799137,"['d1', 0.0, 0.7, 0.7, 0.7]"
0.9668196406111842,"['d1', 1.0, 0.35, 0.7, 0.0]"
0.9668196406111842,"['d1', 1.0, 0.35, 0.7, 0.5]"
0.9668196406111842,"['d1', 1.0, 0.35, 0.7, 0.7]"
0.9668187435596337,"['d1', 1.0, 0.5, 0.65, 0.0]"
0.9668187435596337,"['d1', 1.0, 0.5, 0.65, 0.5]"
0.9668183785550283,"['d1', 1.0, 0.7, 0.75, 0.0]"
0.9668183785550283,"['d1', 1.0, 0.7, 0.75, 0.5]"
0.9668183785550283,"['d1', 1.0, 0.7, 0.75, 0.7]"
0.9668133655444189,"['d3', 1.0, 1.0, -0.5, False]"
0.9668132912900008,"['d1', 0.0, 0.6, 0.65, 0.0]"
0.9668132912900008,"['d1', 0.0, 0.6, 0.65, 0.5]"
0.9668100725111729,"['d3', 1.0, 1.5, 0.25, False]"
0.9668084004613786,"['d1', 0.0, 0.5, 0.5, 0.85]"
0.9668083064939124,"['d1', 1.0, 0.7, 0.5, 0.7]"
0.9668082668113728,"['d1', 1.0, 0.7, 0.55, 0.7]"
0.9668060530449317,"['d1', 1.0, 0.6, 0.8, 0.0]"
0.9668060530449317,"['d1', 1.0, 0.6, 0.8, 0.5]"
0.9668060530449317,"['d1', 1.0, 0.6, 0.8, 0.7]"
0.966804828860435,"['d1', 1.0, 0.7, 0.65, 0.7]"
0.9668037213568274,"['d1', 1.0, 0.7, 0.6, 0.7]"
0.966797844905823,"['d1', 0.0, 0.5, 0.55, 0.85]"
0.9667943708798489,"['d1', 0.0, 0.5, 0.6, 0.85]"
0.9667942495120148,"['d1', 1.0, 0.55, 0.65, 0.0]"
0.9667942495120148,"['d1', 1.0, 0.55, 0.65, 0.5]"
0.9667895017222954,"['d1', 1.0, 0.7, 0.7, 0.0]"
0.9667895017222954,"['d1', 1.0, 0.7, 0.7, 0.5]"
0.9667895017222954,"['d1', 1.0, 0.7, 0.7, 0.7]"
0.9667884818234925,"['d1', 0.0, 0.45, 0.8, 0.0]"
0.9667884818234925,"['d1', 0.0, 0.45, 0.8, 0.5]"
0.9667884818234925,"['d1', 0.0, 0.45, 0.8, 0.7]"
0.9667876015733042,"['d3', 1.0, 0.8, -0.25, False]"
0.9667829937153469,"['d1', 0.0, 0.5, 0.65, 0.85]"
0.9667818052361907,"['d1', 0.0, 0.65, 0.8, 0.0]"
0.9667818052361907,"['d1', 0.0, 0.65, 0.8, 0.5]"
0.9667818052361907,"['d1', 0.0, 0.65, 0.8, 0.7]"
0.9667777123300656,"['d1', 0.0, 0.5, 0.7, 0.85]"
0.9667740110313642,"['d1', 0.0, 0.5, 0.75, 0.85]"
0.9667682519049903,"['d1', 1.0, 0.5, 0.5, 0.85]"
0.9667666841915373,"['d1', 0.0, 0.55, 0.5, 0.85]"
0.966765255575715,"['d1', 0.0, 0.45, 0.65, 0.0]"
0.966765255575715,"['d1', 0.0, 0.45, 0.65, 0.5]"
0.966763350858204,"['d1', 0.0, 0.55, 0.55, 0.85]"
0.9667598768322297,"['d1', 0.0, 0.55, 0.6, 0.85]"
0.9667585789884136,"['d1', 0.0, 0.65, 0.65, 0.0]"
0.9667585789884136,"['d1', 0.0, 0.65, 0.65, 0.5]"
0.9667576963494349,"['d1', 1.0, 0.5, 0.55, 0.85]"
0.966756444545683,"['d1', 1.0, 0.5, 0.6, 0.85]"
0.9667513407433447,"['d1', 1.0, 0.65, 0.8, 0.0]"
0.9667513407433447,"['d1', 1.0, 0.65, 0.8, 0.5]"
0.9667513407433447,"['d1', 1.0, 0.65, 0.8, 0.7]"
0.9667484996677279,"['d1', 0.0, 0.55, 0.65, 0.85]"
0.9667471839973126,"['d1', 1.0, 0.45, 0.8, 0.0]"
0.9667471839973126,"['d1', 1.0, 0.45, 0.8, 0.5]"
0.9667471839973126,"['d1', 1.0, 0.45, 0.8, 0.7]"
0.9667466899882053,"['d1', 1.0, 0.6, 0.65, 0.0]"
0.9667466899882053,"['d1', 1.0, 0.6, 0.65, 0.5]"
0.966745067381181,"['d1', 1.0, 0.5, 0.65, 0.85]"
0.9667432182824466,"['d1', 0.0, 0.55, 0.7, 0.85]"
0.966741002342749,"['d1', 0.0, 0.5, 0.8, 0.85]"
0.9667397859958996,"['d1', 1.0, 0.5, 0.7, 0.85]"
0.9667395169837453,"['d1', 0.0, 0.55, 0.75, 0.85]"
0.9667365356351494,"['d1', 1.0, 0.55, 0.5, 0.85]"
0.9667360846971983,"['d1', 1.0, 0.5, 0.75, 0.85]"
0.966733202301816,"['d1', 1.0, 0.55, 0.55, 0.85]"
0.9667319504980642,"['d1', 1.0, 0.55, 0.6, 0.85]"
0.9667292407403808,"['d1', 0.0, 0.5, 0.85, 0.0]"
0.9667292407403808,"['d1', 0.0, 0.5, 0.85, 0.5]"
0.9667292407403808,"['d1', 0.0, 0.5, 0.85, 0.7]"
0.9667292407403808,"['d1', 0.0, 0.5, 0.85, 0.85]"
0.9667205733335619,"['d1', 1.0, 0.55, 0.65, 0.85]"
0.9667166246677278,"['d1', 0.0, 0.6, 0.5, 0.85]"
0.9667157913343946,"['d1', 0.0, 0.6, 0.55, 0.85]"
0.9667152919482805,"['d1', 1.0, 0.55, 0.7, 0.85]"
0.9667123173084206,"['d1', 0.0, 0.6, 0.6, 0.85]"
0.9667115906495791,"['d1', 1.0, 0.55, 0.75, 0.85]"
0.96670650829513,"['d1', 0.0, 0.55, 0.8, 0.85]"
0.9667030760085832,"['d1', 1.0, 0.5, 0.8, 0.85]"
0.9667009401439184,"['d1', 0.0, 0.6, 0.65, 0.85]"
0.966695658758637,"['d1', 0.0, 0.6, 0.7, 0.85]"
0.9666947466927618,"['d1', 0.0, 0.55, 0.85, 0.0]"
0.9666947466927618,"['d1', 0.0, 0.55, 0.85, 0.5]"
0.9666947466927618,"['d1', 0.0, 0.55, 0.85, 0.7]"
0.9666947466927618,"['d1', 0.0, 0.55, 0.85, 0.85]"
0.9666919776866181,"['d1', 1.0, 0.65, 0.65, 0.0]"
0.9666919776866181,"['d1', 1.0, 0.65, 0.65, 0.5]"
0.9666919574599356,"['d1', 0.0, 0.6, 0.75, 0.85]"
0.9666913144062148,"['d1', 1.0, 0.5, 0.85, 0.0]"
0.9666913144062148,"['d1', 1.0, 0.5, 0.85, 0.5]"
0.9666913144062148,"['d1', 1.0, 0.5, 0.85, 0.7]"
0.9666913144062148,"['d1', 1.0, 0.5, 0.85, 0.85]"
0.9666878209405859,"['d1', 1.0, 0.45, 0.65, 0.0]"
0.9666878209405859,"['d1', 1.0, 0.45, 0.65, 0.5]"
0.9666864761113397,"['d1', 1.0, 0.6, 0.5, 0.85]"
0.9666856427780064,"['d1', 1.0, 0.6, 0.55, 0.85]"
0.9666843909742546,"['d1', 1.0, 0.6, 0.6, 0.85]"
0.9666785819609641,"['d1', 1.0, 0.55, 0.8, 0.85]"
0.9666783111756643,"['d1', 0.0, 0.45, 0.5, 0.85]"
0.9666730138097525,"['d1', 1.0, 0.6, 0.65, 0.85]"
0.9666677556201088,"['d1', 0.0, 0.45, 0.55, 0.85]"
0.9666677324244711,"['d1', 1.0, 0.6, 0.7, 0.85]"
0.9666668203585959,"['d1', 1.0, 0.55, 0.85, 0.0]"
0.9666668203585959,"['d1', 1.0, 0.55, 0.85, 0.5]"
0.9666668203585959,"['d1', 1.0, 0.55, 0.85, 0.7]"
0.9666668203585959,"['d1', 1.0, 0.55, 0.85, 0.85]"
0.9666642815941348,"['d1', 0.0, 0.45, 0.6, 0.85]"
0.9666640311257697,"['d1', 1.0, 0.6, 0.75, 0.85]"
0.9666589487713204,"['d1', 0.0, 0.6, 0.8, 0.85]"
0.9666576050068331,"['d1', 0.0, 0.65, 0.5, 0.85]"
0.9666576050068331,"['d1', 0.0, 0.65, 0.55, 0.85]"
0.9666576050068331,"['d1', 0.0, 0.65, 0.6, 0.85]"
0.9666549401568256,"['d1', 0.0, 0.4, 0.8, 0.0]"
0.9666549401568256,"['d1', 0.0, 0.4, 0.8, 0.5]"
0.9666549401568256,"['d1', 0.0, 0.4, 0.8, 0.7]"
0.9666529044296325,"['d1', 0.0, 0.45, 0.65, 0.85]"
0.9666509983091042,"['d1', 0.0, 0.5, 0.6, 0.0]"
0.9666509983091042,"['d1', 0.0, 0.5, 0.6, 0.5]"
0.9666476230443513,"['d1', 0.0, 0.45, 0.7, 0.85]"
0.9666471871689523,"['d1', 0.0, 0.6, 0.85, 0.0]"
0.9666471871689523,"['d1', 0.0, 0.6, 0.85, 0.5]"
0.9666471871689523,"['d1', 0.0, 0.6, 0.85, 0.7]"
0.9666471871689523,"['d1', 0.0, 0.6, 0.85, 0.85]"
0.966646227842331,"['d1', 0.0, 0.65, 0.65, 0.85]"
0.9666439217456498,"['d1', 0.0, 0.45, 0.75, 0.85]"
0.9666409464570496,"['d1', 0.0, 0.65, 0.7, 0.85]"
0.9666373292859428,"['d1', 1.0, 0.45, 0.5, 0.85]"
0.9666372451583485,"['d1', 0.0, 0.65, 0.75, 0.85]"
0.9666317139090481,"['d1', 0.0, 0.4, 0.65, 0.0]"
0.9666317139090481,"['d1', 0.0, 0.4, 0.65, 0.5]"
0.9666310224371546,"['d1', 1.0, 0.6, 0.8, 0.85]"
0.9666296786726674,"['d1', 1.0, 0.65, 0.5, 0.85]"
0.9666296786726674,"['d1', 1.0, 0.65, 0.55, 0.85]"
0.9666296786726674,"['d1', 1.0, 0.65, 0.6, 0.85]"
0.9666282393500089,"['d3', 0.0, 1.0, 0.5, False]"
0.9666267737303872,"['d1', 1.0, 0.45, 0.55, 0.85]"
0.9666255219266354,"['d1', 1.0, 0.45, 0.6, 0.85]"
0.9666192608347862,"['d1', 1.0, 0.6, 0.85, 0.0]"
0.9666192608347862,"['d1', 1.0, 0.6, 0.85, 0.5]"
0.9666192608347862,"['d1', 1.0, 0.6, 0.85, 0.7]"
0.9666192608347862,"['d1', 1.0, 0.6, 0.85, 0.85]"
0.9666183015081652,"['d1', 1.0, 0.65, 0.65, 0.85]"
0.9666165042614853,"['d1', 0.0, 0.55, 0.6, 0.0]"
0.9666165042614853,"['d1', 0.0, 0.55, 0.6, 0.5]"
0.9666141447621333,"['d1', 1.0, 0.45, 0.65, 0.85]"
0.9666130201228839,"['d1', 1.0, 0.65, 0.7, 0.85]"
0.9666109130570346,"['d1', 0.0, 0.45, 0.8, 0.85]"
0.9666093188241824,"['d1', 1.0, 0.65, 0.75, 0.85]"
0.9666088633768519,"['d1', 1.0, 0.45, 0.7, 0.85]"
0.9666086423306459,"['d1', 1.0, 0.4, 0.8, 0.0]"
0.9666086423306459,"['d1', 1.0, 0.4, 0.8, 0.5]"
0.9666086423306459,"['d1', 1.0, 0.4, 0.8, 0.7]"
0.9666051620781506,"['d1', 1.0, 0.45, 0.75, 0.85]"
0.966604236469733,"['d1', 0.0, 0.65, 0.8, 0.85]"
0.9665991514546665,"['d1', 0.0, 0.45, 0.85, 0.0]"
0.9665991514546665,"['d1', 0.0, 0.45, 0.85, 0.5]"
0.9665991514546665,"['d1', 0.0, 0.45, 0.85, 0.7]"
0.9665991514546665,"['d1', 0.0, 0.45, 0.85, 0.85]"
0.9665924748673648,"['d1', 0.0, 0.65, 0.85, 0.0]"
0.9665924748673648,"['d1', 0.0, 0.65, 0.85, 0.5]"
0.9665924748673648,"['d1', 0.0, 0.65, 0.85, 0.7]"
0.9665924748673648,"['d1', 0.0, 0.65, 0.85, 0.85]"
0.9665874815482931,"['d3', 0.0, 0.8, 0.5, False]"
0.9665763101355672,"['d1', 1.0, 0.65, 0.8, 0.85]"
0.9665721533895354,"['d1', 1.0, 0.45, 0.8, 0.85]"
0.9665689447376756,"['d1', 0.0, 0.6, 0.6, 0.0]"
0.9665689447376756,"['d1', 0.0, 0.6, 0.6, 0.5]"
0.9665645485331988,"['d1', 1.0, 0.65, 0.85, 0.0]"
0.9665645485331988,"['d1', 1.0, 0.65, 0.85, 0.5]"
0.9665645485331988,"['d1', 1.0, 0.65, 0.85, 0.7]"
0.9665645485331988,"['d1', 1.0, 0.65, 0.85, 0.85]"
0.9665603917871674,"['d1', 1.0, 0.45, 0.85, 0.0]"
0.9665603917871674,"['d1', 1.0, 0.45, 0.85, 0.5]"
0.9665603917871674,"['d1', 1.0, 0.45, 0.85, 0.7]"
0.9665603917871674,"['d1', 1.0, 0.45, 0.85, 0.85]"
0.9665600955400051,"['d1', 1.0, 0.5, 0.6, 0.0]"
0.9665600955400051,"['d1', 1.0, 0.5, 0.6, 0.5]"
0.9665492792739194,"['d1', 1.0, 0.4, 0.65, 0.0]"
0.9665492792739194,"['d1', 1.0, 0.4, 0.65, 0.5]"
0.9665456064515309,"['d1', 0.0, 0.3, 0.5, 0.7]"
0.9665447695089976,"['d1', 0.0, 0.4, 0.5, 0.85]"
0.9665356014923862,"['d1', 1.0, 0.55, 0.6, 0.0]"
0.9665356014923862,"['d1', 1.0, 0.55, 0.6, 0.5]"
0.966534213953442,"['d1', 0.0, 0.4, 0.55, 0.85]"
0.966530739927468,"['d1', 0.0, 0.4, 0.6, 0.85]"
0.9665285213144458,"['d1', 0.0, 0.3, 0.55, 0.7]"
0.9665239413572583,"['d1', 0.0, 0.3, 0.75, 0.0]"
0.9665239413572583,"['d1', 0.0, 0.3, 0.75, 0.5]"
0.9665239413572583,"['d1', 0.0, 0.3, 0.75, 0.7]"
0.9665221685005931,"['d1', 0.0, 0.3, 0.6, 0.7]"
0.9665209090233898,"['d1', 0.0, 0.45, 0.6, 0.0]"
0.9665209090233898,"['d1', 0.0, 0.45, 0.6, 0.5]"
0.9665193627629659,"['d1', 0.0, 0.4, 0.65, 0.85]"
0.9665158907982697,"['d3', 0.0, 1.25, 0.5, False]"
0.9665153728656724,"['d1', 0.0, 0.3, 0.65, 0.7]"
0.9665142324360882,"['d1', 0.0, 0.65, 0.6, 0.0]"
0.9665142324360882,"['d1', 0.0, 0.65, 0.6, 0.5]"
0.9665140813776845,"['d1', 0.0, 0.4, 0.7, 0.85]"
0.9665103800789832,"['d1', 0.0, 0.4, 0.75, 0.85]"
0.9665032593399357,"['d3', 1.0, 1.0, 0.5, False]"
0.9664992123941994,"['d1', 0.0, 0.3, 0.7, 0.0]"
0.9664992123941994,"['d1', 0.0, 0.3, 0.7, 0.5]"
0.9664992123941994,"['d1', 0.0, 0.3, 0.7, 0.7]"
0.966498787619276,"['d1', 1.0, 0.4, 0.5, 0.85]"
0.9664972318234923,"['d1', 0.0, 0.35, 0.8, 0.0]"
0.9664972318234923,"['d1', 0.0, 0.35, 0.8, 0.5]"
0.9664972318234923,"['d1', 0.0, 0.35, 0.8, 0.7]"
0.9664882320637205,"['d1', 1.0, 0.4, 0.55, 0.85]"
0.9664880419685767,"['d1', 1.0, 0.6, 0.6, 0.0]"
0.9664880419685767,"['d1', 1.0, 0.6, 0.6, 0.5]"
0.9664869802599687,"['d1', 1.0, 0.4, 0.6, 0.85]"
0.9664790009383568,"['d1', 1.0, 0.3, 0.5, 0.7]"
0.9664773713903678,"['d1', 0.0, 0.4, 0.8, 0.85]"
0.9664756030954668,"['d1', 1.0, 0.4, 0.65, 0.85]"
0.966474005575715,"['d1', 0.0, 0.35, 0.65, 0.0]"
0.966474005575715,"['d1', 0.0, 0.35, 0.65, 0.5]"
0.9664703217101852,"['d1', 1.0, 0.4, 0.7, 0.85]"
0.9664666204114839,"['d1', 1.0, 0.4, 0.75, 0.85]"
0.9664656097879997,"['d1', 0.0, 0.4, 0.85, 0.0]"
0.9664656097879997,"['d1', 0.0, 0.4, 0.85, 0.5]"
0.9664656097879997,"['d1', 0.0, 0.4, 0.85, 0.7]"
0.9664656097879997,"['d1', 0.0, 0.4, 0.85, 0.85]"
0.9664637059359809,"['d1', 1.0, 0.3, 0.75, 0.0]"
0.9664637059359809,"['d1', 1.0, 0.3, 0.75, 0.5]"
0.9664637059359809,"['d1', 1.0, 0.3, 0.75, 0.7]"
0.9664619158012715,"['d1', 1.0, 0.3, 0.55, 0.7]"
0.966458129503154,"['d3', 0.0, 1.5, 0.5, False]"
0.966457785209641,"['d1', 1.0, 0.3, 0.6, 0.7]"
0.9664512596012703,"['d1', 0.0, 0.7, 0.8, 0.0]"
0.9664512596012703,"['d1', 0.0, 0.7, 0.8, 0.5]"
0.9664512596012703,"['d1', 0.0, 0.7, 0.8, 0.7]"
0.9664509895747204,"['d1', 1.0, 0.3, 0.65, 0.7]"
0.9664509339973125,"['d1', 1.0, 0.35, 0.8, 0.0]"
0.9664509339973125,"['d1', 1.0, 0.35, 0.8, 0.5]"
0.9664509339973125,"['d1', 1.0, 0.35, 0.8, 0.7]"
0.9664348291032476,"['d1', 1.0, 0.3, 0.7, 0.0]"
0.9664348291032476,"['d1', 1.0, 0.3, 0.7, 0.5]"
0.9664348291032476,"['d1', 1.0, 0.3, 0.7, 0.7]"
0.9664336117228687,"['d1', 1.0, 0.4, 0.8, 0.85]"
0.9664333296669891,"['d1', 1.0, 0.65, 0.6, 0.0]"
0.9664333296669891,"['d1', 1.0, 0.65, 0.6, 0.5]"
0.9664291729209575,"['d1', 1.0, 0.45, 0.6, 0.0]"
0.9664291729209575,"['d1', 1.0, 0.45, 0.6, 0.5]"
0.9664272000201597,"['d1', 0.0, 0.7, 0.65, 0.0]"
0.9664272000201597,"['d1', 0.0, 0.7, 0.65, 0.5]"
0.9664218652272106,"['d3', 1.0, 1.25, 0.5, False]"
0.9664218501205004,"['d1', 1.0, 0.4, 0.85, 0.0]"
0.9664218501205004,"['d1', 1.0, 0.4, 0.85, 0.5]"
0.9664218501205004,"['d1', 1.0, 0.4, 0.85, 0.7]"
0.9664218501205004,"['d1', 1.0, 0.4, 0.85, 0.85]"
0.9664207951084238,"['d1', 1.0, 0.7, 0.8, 0.0]"
0.9664207951084238,"['d1', 1.0, 0.7, 0.8, 0.5]"
0.9664207951084238,"['d1', 1.0, 0.7, 0.8, 0.7]"
0.9663915709405858,"['d1', 1.0, 0.35, 0.65, 0.0]"
0.9663915709405858,"['d1', 1.0, 0.35, 0.65, 0.5]"
0.9663873673567231,"['d1', 0.0, 0.4, 0.6, 0.0]"
0.9663873673567231,"['d1', 0.0, 0.4, 0.6, 0.5]"
0.9663870611756641,"['d1', 0.0, 0.35, 0.5, 0.85]"
0.966377140066628,"['d3', 1.0, 0.8, 0.5, False]"
0.9663765056201085,"['d1', 0.0, 0.35, 0.55, 0.85]"
0.9663730315941346,"['d1', 0.0, 0.35, 0.6, 0.85]"
0.9663664473721333,"['d3', 1.0, 1.5, 0.5, False]"
0.9663616544296325,"['d1', 0.0, 0.35, 0.65, 0.85]"
0.9663605987183639,"['d1', 1.0, 0.7, 0.65, 0.0]"
0.9663605987183639,"['d1', 1.0, 0.7, 0.65, 0.5]"
0.9663574432489219,"['d3', 0.0, 0.8, -0.5, False]"
0.9663563730443511,"['d1', 0.0, 0.35, 0.7, 0.85]"
0.9663526717456498,"['d1', 0.0, 0.35, 0.75, 0.85]"
0.9663410792859428,"['d1', 1.0, 0.35, 0.5, 0.85]"
0.9663342185334618,"['d1', 0.0, 0.5, 0.55, 0.0]"
0.9663342185334618,"['d1', 0.0, 0.5, 0.55, 0.5]"
0.9663305237303872,"['d1', 1.0, 0.35, 0.55, 0.85]"
0.9663292719266354,"['d1', 1.0, 0.35, 0.6, 0.85]"
0.9663249963881366,"['d3', 1.0, 0.8, -0.5, False]"
0.9663196630570345,"['d1', 0.0, 0.35, 0.8, 0.85]"
0.9663183229000512,"['d1', 0.0, 0.7, 0.5, 0.85]"
0.9663183229000512,"['d1', 0.0, 0.7, 0.55, 0.85]"
0.9663183229000512,"['d1', 0.0, 0.7, 0.6, 0.85]"
0.9663178947621333,"['d1', 1.0, 0.35, 0.65, 0.85]"
0.966314848874077,"['d1', 0.0, 0.7, 0.65, 0.85]"
0.9663126133768519,"['d1', 1.0, 0.35, 0.7, 0.85]"
0.9663104008221292,"['d1', 0.0, 0.7, 0.7, 0.85]"
0.9663089120781506,"['d1', 1.0, 0.35, 0.75, 0.85]"
0.9663079014546663,"['d1', 0.0, 0.35, 0.85, 0.0]"
0.9663079014546663,"['d1', 0.0, 0.35, 0.85, 0.5]"
0.9663079014546663,"['d1', 0.0, 0.35, 0.85, 0.7]"
0.9663079014546663,"['d1', 0.0, 0.35, 0.85, 0.85]"
0.9663066995234278,"['d1', 0.0, 0.7, 0.75, 0.85]"
0.966299724485843,"['d1', 0.0, 0.55, 0.55, 0.0]"
0.966299724485843,"['d1', 0.0, 0.55, 0.55, 0.5]"
0.9662906312542909,"['d1', 1.0, 0.4, 0.6, 0.0]"
0.9662906312542909,"['d1', 1.0, 0.4, 0.6, 0.5]"
0.9662903965658853,"['d1', 1.0, 0.7, 0.5, 0.85]"
0.9662903965658853,"['d1', 1.0, 0.7, 0.55, 0.85]"
0.9662903965658853,"['d1', 1.0, 0.7, 0.6, 0.85]"
0.9662869225399112,"['d1', 1.0, 0.7, 0.65, 0.85]"
0.966282474487963,"['d1', 1.0, 0.7, 0.7, 0.85]"
0.9662787731892618,"['d1', 1.0, 0.7, 0.75, 0.85]"
0.9662759033895354,"['d1', 1.0, 0.35, 0.8, 0.85]"
0.9662736908348126,"['d1', 0.0, 0.7, 0.8, 0.85]"
0.9662641417871671,"['d1', 1.0, 0.35, 0.85, 0.0]"
0.9662641417871671,"['d1', 1.0, 0.35, 0.85, 0.5]"
0.9662641417871671,"['d1', 1.0, 0.35, 0.85, 0.7]"
0.9662641417871671,"['d1', 1.0, 0.35, 0.85, 0.85]"
0.9662619292324444,"['d1', 0.0, 0.7, 0.85, 0.0]"
0.9662619292324444,"['d1', 0.0, 0.7, 0.85, 0.5]"
0.9662619292324444,"['d1', 0.0, 0.7, 0.85, 0.7]"
0.9662619292324444,"['d1', 0.0, 0.7, 0.85, 0.85]"
0.9662521649620334,"['d1', 0.0, 0.6, 0.55, 0.0]"
0.9662521649620334,"['d1', 0.0, 0.6, 0.55, 0.5]"
0.9662457645006466,"['d1', 1.0, 0.7, 0.8, 0.85]"
0.9662340028982784,"['d1', 1.0, 0.7, 0.85, 0.0]"
0.9662340028982784,"['d1', 1.0, 0.7, 0.85, 0.5]"
0.9662340028982784,"['d1', 1.0, 0.7, 0.85, 0.7]"
0.9662340028982784,"['d1', 1.0, 0.7, 0.85, 0.85]"
0.9662296590233899,"['d1', 0.0, 0.35, 0.6, 0.0]"
0.9662296590233899,"['d1', 0.0, 0.35, 0.6, 0.5]"
0.9662255837457502,"['d1', 1.0, 0.5, 0.55, 0.0]"
0.9662255837457502,"['d1', 1.0, 0.5, 0.55, 0.5]"
0.9662041292477475,"['d1', 0.0, 0.45, 0.55, 0.0]"
0.9662041292477475,"['d1', 0.0, 0.45, 0.55, 0.5]"
0.966201089698131,"['d1', 1.0, 0.55, 0.55, 0.0]"
0.966201089698131,"['d1', 1.0, 0.55, 0.55, 0.5]"
0.9661939786344722,"['d1', 0.0, 0.65, 0.55, 0.0]"
0.9661939786344722,"['d1', 0.0, 0.65, 0.55, 0.5]"
0.9661749503293063,"['d1', 0.0, 0.7, 0.6, 0.0]"
0.9661749503293063,"['d1', 0.0, 0.7, 0.6, 0.5]"
0.9661535301743215,"['d1', 1.0, 0.6, 0.55, 0.0]"
0.9661535301743215,"['d1', 1.0, 0.6, 0.55, 0.5]"
0.9661329229209575,"['d1', 1.0, 0.35, 0.6, 0.0]"
0.9661329229209575,"['d1', 1.0, 0.35, 0.6, 0.5]"
0.9661174203155557,"['d1', 0.0, 0.3, 0.8, 0.0]"
0.9661174203155557,"['d1', 0.0, 0.3, 0.8, 0.5]"
0.9661174203155557,"['d1', 0.0, 0.3, 0.8, 0.7]"
0.9660975660689824,"['d1', 1.0, 0.65, 0.55, 0.0]"
0.9660975660689824,"['d1', 1.0, 0.65, 0.55, 0.5]"
0.9660946611267023,"['d1', 1.0, 0.45, 0.55, 0.0]"
0.9660946611267023,"['d1', 1.0, 0.45, 0.55, 0.5]"
0.9660941940677783,"['d1', 0.0, 0.3, 0.65, 0.0]"
0.9660941940677783,"['d1', 0.0, 0.3, 0.65, 0.5]"
0.9660940475602072,"['d1', 1.0, 0.7, 0.6, 0.0]"
0.9660940475602072,"['d1', 1.0, 0.7, 0.6, 0.5]"
0.9660705875810809,"['d1', 0.0, 0.4, 0.55, 0.0]"
0.9660705875810809,"['d1', 0.0, 0.4, 0.55, 0.5]"
0.9660661224893763,"['d1', 1.0, 0.3, 0.8, 0.0]"
0.9660661224893763,"['d1', 1.0, 0.3, 0.8, 0.5]"
0.9660661224893763,"['d1', 1.0, 0.3, 0.8, 0.7]"
0.9660072496677278,"['d1', 0.0, 0.3, 0.5, 0.85]"
0.9660067594326495,"['d1', 1.0, 0.3, 0.65, 0.0]"
0.9660067594326495,"['d1', 1.0, 0.3, 0.65, 0.5]"
0.9659966941121721,"['d1', 0.0, 0.3, 0.55, 0.85]"
0.9659932200861981,"['d1', 0.0, 0.3, 0.6, 0.85]"
0.965981842921696,"['d1', 0.0, 0.3, 0.65, 0.85]"
0.9659765615364146,"['d1', 0.0, 0.3, 0.7, 0.85]"
0.9659728602377133,"['d1', 0.0, 0.3, 0.75, 0.85]"
0.9659562677780061,"['d1', 1.0, 0.3, 0.5, 0.85]"
0.9659561194600355,"['d1', 1.0, 0.4, 0.55, 0.0]"
0.9659561194600355,"['d1', 1.0, 0.4, 0.55, 0.5]"
0.9659457122224505,"['d1', 1.0, 0.3, 0.55, 0.85]"
0.965944460418699,"['d1', 1.0, 0.3, 0.6, 0.85]"
0.9659398515490981,"['d1', 0.0, 0.3, 0.8, 0.85]"
0.9659330832541967,"['d1', 1.0, 0.3, 0.65, 0.85]"
0.9659280899467299,"['d1', 0.0, 0.3, 0.85, 0.0]"
0.9659280899467299,"['d1', 0.0, 0.3, 0.85, 0.5]"
0.9659280899467299,"['d1', 0.0, 0.3, 0.85, 0.7]"
0.9659280899467299,"['d1', 0.0, 0.3, 0.85, 0.85]"
0.9659278018689152,"['d1', 1.0, 0.3, 0.7, 0.85]"
0.9659241005702139,"['d1', 1.0, 0.3, 0.75, 0.85]"
0.9659128792477475,"['d1', 0.0, 0.35, 0.55, 0.0]"
0.9659128792477475,"['d1', 0.0, 0.35, 0.55, 0.5]"
0.9658910918815987,"['d1', 1.0, 0.3, 0.8, 0.85]"
0.9658793302792307,"['d1', 1.0, 0.3, 0.85, 0.0]"
0.9658793302792307,"['d1', 1.0, 0.3, 0.85, 0.5]"
0.9658793302792307,"['d1', 1.0, 0.3, 0.85, 0.7]"
0.9658793302792307,"['d1', 1.0, 0.3, 0.85, 0.85]"
0.9658563631943566,"['d1', 0.0, 0.7, 0.55, 0.0]"
0.9658563631943566,"['d1', 0.0, 0.7, 0.55, 0.5]"
0.9658498475154533,"['d1', 0.0, 0.3, 0.6, 0.0]"
0.9658498475154533,"['d1', 0.0, 0.3, 0.6, 0.5]"
0.9658243698139523,"['d1', 0.0, 0.5, 0.9, 0.0]"
0.9658243698139523,"['d1', 0.0, 0.5, 0.9, 0.5]"
0.9658243698139523,"['d1', 0.0, 0.5, 0.9, 0.7]"
0.9658243698139523,"['d1', 0.0, 0.5, 0.9, 0.85]"
0.9657984111267023,"['d1', 1.0, 0.35, 0.55, 0.0]"
0.9657984111267023,"['d1', 1.0, 0.35, 0.55, 0.5]"
0.9657898757663331,"['d1', 0.0, 0.55, 0.9, 0.0]"
0.9657898757663331,"['d1', 0.0, 0.55, 0.9, 0.5]"
0.9657898757663331,"['d1', 0.0, 0.55, 0.9, 0.7]"
0.9657898757663331,"['d1', 0.0, 0.55, 0.9, 0.85]"
0.9657892357380689,"['d1', 1.0, 0.5, 0.9, 0.0]"
0.9657892357380689,"['d1', 1.0, 0.5, 0.9, 0.5]"
0.9657892357380689,"['d1', 1.0, 0.5, 0.9, 0.7]"
0.9657892357380689,"['d1', 1.0, 0.5, 0.9, 0.85]"
0.9657647416904499,"['d1', 1.0, 0.55, 0.9, 0.0]"
0.9657647416904499,"['d1', 1.0, 0.55, 0.9, 0.5]"
0.9657647416904499,"['d1', 1.0, 0.55, 0.9, 0.7]"
0.9657647416904499,"['d1', 1.0, 0.55, 0.9, 0.85]"
0.9657599506288668,"['d1', 1.0, 0.7, 0.55, 0.0]"
0.9657599506288668,"['d1', 1.0, 0.7, 0.55, 0.5]"
0.965748111413021,"['d1', 1.0, 0.3, 0.6, 0.0]"
0.965748111413021,"['d1', 1.0, 0.3, 0.6, 0.5]"
0.9657423162425237,"['d1', 0.0, 0.6, 0.9, 0.0]"
0.9657423162425237,"['d1', 0.0, 0.6, 0.9, 0.5]"
0.9657423162425237,"['d1', 0.0, 0.6, 0.9, 0.7]"
0.9657423162425237,"['d1', 0.0, 0.6, 0.9, 0.85]"
0.9657171821666404,"['d1', 1.0, 0.6, 0.9, 0.0]"
0.9657171821666404,"['d1', 1.0, 0.6, 0.9, 0.5]"
0.9657171821666404,"['d1', 1.0, 0.6, 0.9, 0.7]"
0.9657171821666404,"['d1', 1.0, 0.6, 0.9, 0.85]"
0.9656942805282377,"['d1', 0.0, 0.45, 0.9, 0.0]"
0.9656942805282377,"['d1', 0.0, 0.45, 0.9, 0.5]"
0.9656942805282377,"['d1', 0.0, 0.45, 0.9, 0.7]"
0.9656942805282377,"['d1', 0.0, 0.45, 0.9, 0.85]"
0.9656876039409362,"['d1', 0.0, 0.65, 0.9, 0.0]"
0.9656876039409362,"['d1', 0.0, 0.65, 0.9, 0.5]"
0.9656876039409362,"['d1', 0.0, 0.65, 0.9, 0.7]"
0.9656876039409362,"['d1', 0.0, 0.65, 0.9, 0.85]"
0.9656624698650531,"['d1', 1.0, 0.65, 0.9, 0.0]"
0.9656624698650531,"['d1', 1.0, 0.65, 0.9, 0.5]"
0.9656624698650531,"['d1', 1.0, 0.65, 0.9, 0.7]"
0.9656624698650531,"['d1', 1.0, 0.65, 0.9, 0.85]"
0.9656583131190212,"['d1', 1.0, 0.45, 0.9, 0.0]"
0.9656583131190212,"['d1', 1.0, 0.45, 0.9, 0.5]"
0.9656583131190212,"['d1', 1.0, 0.45, 0.9, 0.7]"
0.9656583131190212,"['d1', 1.0, 0.45, 0.9, 0.85]"
0.9655607388615711,"['d1', 0.0, 0.4, 0.9, 0.0]"
0.9655607388615711,"['d1', 0.0, 0.4, 0.9, 0.5]"
0.9655607388615711,"['d1', 0.0, 0.4, 0.9, 0.7]"
0.9655607388615711,"['d1', 0.0, 0.4, 0.9, 0.85]"
0.9655330677398111,"['d1', 0.0, 0.3, 0.55, 0.0]"
0.9655330677398111,"['d1', 0.0, 0.3, 0.55, 0.5]"
0.9655197714523546,"['d1', 1.0, 0.4, 0.9, 0.0]"
0.9655197714523546,"['d1', 1.0, 0.4, 0.9, 0.5]"
0.9655197714523546,"['d1', 1.0, 0.4, 0.9, 0.7]"
0.9655197714523546,"['d1', 1.0, 0.4, 0.9, 0.85]"
0.9654311217570337,"['d1', 0.0, 0.5, 0.5, 0.0]"
0.9654311217570337,"['d1', 0.0, 0.5, 0.5, 0.5]"
0.9654135996187656,"['d1', 1.0, 0.3, 0.55, 0.0]"
0.9654135996187656,"['d1', 1.0, 0.3, 0.55, 0.5]"
0.9654030305282378,"['d1', 0.0, 0.35, 0.9, 0.0]"
0.9654030305282378,"['d1', 0.0, 0.35, 0.9, 0.5]"
0.9654030305282378,"['d1', 0.0, 0.35, 0.9, 0.7]"
0.9654030305282378,"['d1', 0.0, 0.35, 0.9, 0.85]"
0.9653894054871925,"['d1', 0.0, 0.55, 0.5, 0.0]"
0.9653894054871925,"['d1', 0.0, 0.55, 0.5, 0.5]"
0.9653620631190212,"['d1', 1.0, 0.35, 0.9, 0.0]"
0.9653620631190212,"['d1', 1.0, 0.35, 0.9, 0.5]"
0.9653620631190212,"['d1', 1.0, 0.35, 0.9, 0.7]"
0.9653620631190212,"['d1', 1.0, 0.35, 0.9, 0.85]"
0.9653570583060157,"['d1', 0.0, 0.7, 0.9, 0.0]"
0.9653570583060157,"['d1', 0.0, 0.7, 0.9, 0.5]"
0.9653570583060157,"['d1', 0.0, 0.7, 0.9, 0.7]"
0.9653570583060157,"['d1', 0.0, 0.7, 0.9, 0.85]"
0.965339345963383,"['d1', 0.0, 0.6, 0.5, 0.0]"
0.965339345963383,"['d1', 0.0, 0.6, 0.5, 0.5]"
0.9653319242301325,"['d1', 1.0, 0.7, 0.9, 0.0]"
0.9653319242301325,"['d1', 1.0, 0.7, 0.9, 0.5]"
0.9653319242301325,"['d1', 1.0, 0.7, 0.9, 0.7]"
0.9653319242301325,"['d1', 1.0, 0.7, 0.9, 0.85]"
0.9653010324713196,"['d1', 0.0, 0.45, 0.5, 0.0]"
0.9653010324713196,"['d1', 0.0, 0.45, 0.5, 0.5]"
0.9652976769782509,"['d1', 1.0, 0.5, 0.5, 0.0]"
0.9652976769782509,"['d1', 1.0, 0.5, 0.5, 0.5]"
0.9652803263024884,"['d1', 0.0, 0.65, 0.5, 0.0]"
0.9652803263024884,"['d1', 0.0, 0.65, 0.5, 0.5]"
0.9652659607084095,"['d1', 1.0, 0.55, 0.5, 0.0]"
0.9652659607084095,"['d1', 1.0, 0.55, 0.5, 0.5]"
0.9652159011846001,"['d1', 1.0, 0.6, 0.5, 0.0]"
0.9652159011846001,"['d1', 1.0, 0.6, 0.5, 0.5]"
0.9651674908046529,"['d1', 0.0, 0.4, 0.5, 0.0]"
0.9651674908046529,"['d1', 0.0, 0.4, 0.5, 0.5]"
0.9651667543592033,"['d1', 1.0, 0.45, 0.5, 0.0]"
0.9651667543592033,"['d1', 1.0, 0.45, 0.5, 0.5]"
0.9651591037459277,"['d1', 1.0, 0.65, 0.5, 0.0]"
0.9651591037459277,"['d1', 1.0, 0.65, 0.5, 0.5]"
0.9650282126925365,"['d1', 1.0, 0.4, 0.5, 0.0]"
0.9650282126925365,"['d1', 1.0, 0.4, 0.5, 0.5]"
0.9650232190203015,"['d1', 0.0, 0.3, 0.9, 0.0]"
0.9650232190203015,"['d1', 0.0, 0.3, 0.9, 0.5]"
0.9650232190203015,"['d1', 0.0, 0.3, 0.9, 0.7]"
0.9650232190203015,"['d1', 0.0, 0.3, 0.9, 0.85]"
0.9650097824713195,"['d1', 0.0, 0.35, 0.5, 0.0]"
0.9650097824713195,"['d1', 0.0, 0.35, 0.5, 0.5]"
0.9649772516110848,"['d1', 1.0, 0.3, 0.9, 0.0]"
0.9649772516110848,"['d1', 1.0, 0.3, 0.9, 0.5]"
0.9649772516110848,"['d1', 1.0, 0.3, 0.9, 0.7]"
0.9649772516110848,"['d1', 1.0, 0.3, 0.9, 0.85]"
0.9649362209633833,"['d1', 0.0, 0.7, 0.5, 0.0]"
0.9649362209633833,"['d1', 0.0, 0.7, 0.5, 0.5]"
0.9648705043592031,"['d1', 1.0, 0.35, 0.5, 0.0]"
0.9648705043592031,"['d1', 1.0, 0.35, 0.5, 0.5]"
0.9648149984068226,"['d1', 1.0, 0.7, 0.5, 0.0]"
0.9648149984068226,"['d1', 1.0, 0.7, 0.5, 0.5]"
0.964629970963383,"['d1', 0.0, 0.3, 0.5, 0.0]"
0.964629970963383,"['d1', 0.0, 0.3, 0.5, 0.5]"
0.9644856928512666,"['d1', 1.0, 0.3, 0.5, 0.0]"
0.9644856928512666,"['d1', 1.0, 0.3, 0.5, 0.5]"
0.7444773673581967,"['d1', 0.0, 0.5, 0.5, 1.0]"
0.7444709784693079,"['d1', 0.0, 0.5, 0.55, 1.0]"
0.7444709784693079,"['d1', 0.0, 0.5, 0.6, 1.0]"
0.7444709784693079,"['d1', 0.0, 0.5, 0.65, 1.0]"
0.7444709784693079,"['d1', 0.0, 0.5, 0.7, 1.0]"
0.7444709784693079,"['d1', 0.0, 0.5, 0.75, 1.0]"
0.7444701451359744,"['d1', 0.0, 0.5, 0.8, 1.0]"
0.7444663933322228,"['d1', 0.0, 0.5, 0.85, 1.0]"
0.7444654193062487,"['d1', 0.0, 0.5, 0.9, 1.0]"
0.7444565340248633,"['d1', 1.0, 0.5, 0.5, 1.0]"
0.7444501451359746,"['d1', 1.0, 0.5, 0.55, 1.0]"
0.7444501451359746,"['d1', 1.0, 0.5, 0.6, 1.0]"
0.7444501451359746,"['d1', 1.0, 0.5, 0.65, 1.0]"
0.7444501451359746,"['d1', 1.0, 0.5, 0.7, 1.0]"
0.7444501451359746,"['d1', 1.0, 0.5, 0.75, 1.0]"
0.7444493118026412,"['d1', 1.0, 0.5, 0.8, 1.0]"
0.7444455599988894,"['d1', 1.0, 0.5, 0.85, 1.0]"
0.7444445859729154,"['d1', 1.0, 0.5, 0.9, 1.0]"
0.744436484421689,"['d1', 0.0, 0.55, 0.5, 1.0]"
0.744436484421689,"['d1', 0.0, 0.55, 0.55, 1.0]"
0.744436484421689,"['d1', 0.0, 0.55, 0.6, 1.0]"
0.744436484421689,"['d1', 0.0, 0.55, 0.65, 1.0]"
0.744436484421689,"['d1', 0.0, 0.55, 0.7, 1.0]"
0.744436484421689,"['d1', 0.0, 0.55, 0.75, 1.0]"
0.7444356510883555,"['d1', 0.0, 0.55, 0.8, 1.0]"
0.7444318992846037,"['d1', 0.0, 0.55, 0.85, 1.0]"
0.7444309252586297,"['d1', 0.0, 0.55, 0.9, 1.0]"
0.7444256510883556,"['d1', 1.0, 0.55, 0.5, 1.0]"
0.7444256510883556,"['d1', 1.0, 0.55, 0.55, 1.0]"
0.7444256510883556,"['d1', 1.0, 0.55, 0.6, 1.0]"
0.7444256510883556,"['d1', 1.0, 0.55, 0.65, 1.0]"
0.7444256510883556,"['d1', 1.0, 0.55, 0.7, 1.0]"
0.7444256510883556,"['d1', 1.0, 0.55, 0.75, 1.0]"
0.7444248177550221,"['d1', 1.0, 0.55, 0.8, 1.0]"
0.7444210659512704,"['d1', 1.0, 0.55, 0.85, 1.0]"
0.7444200919252963,"['d1', 1.0, 0.55, 0.9, 1.0]"
0.7443889248978793,"['d1', 0.0, 0.6, 0.5, 1.0]"
0.7443889248978793,"['d1', 0.0, 0.6, 0.55, 1.0]"
0.7443889248978793,"['d1', 0.0, 0.6, 0.6, 1.0]"
0.7443889248978793,"['d1', 0.0, 0.6, 0.65, 1.0]"
0.7443889248978793,"['d1', 0.0, 0.6, 0.7, 1.0]"
0.7443889248978793,"['d1', 0.0, 0.6, 0.75, 1.0]"
0.7443880915645459,"['d1', 0.0, 0.6, 0.8, 1.0]"
0.7443843397607941,"['d1', 0.0, 0.6, 0.85, 1.0]"
0.7443833657348201,"['d1', 0.0, 0.6, 0.9, 1.0]"
0.744378091564546,"['d1', 1.0, 0.6, 0.5, 1.0]"
0.744378091564546,"['d1', 1.0, 0.6, 0.55, 1.0]"
0.744378091564546,"['d1', 1.0, 0.6, 0.6, 1.0]"
0.744378091564546,"['d1', 1.0, 0.6, 0.65, 1.0]"
0.744378091564546,"['d1', 1.0, 0.6, 0.7, 1.0]"
0.744378091564546,"['d1', 1.0, 0.6, 0.75, 1.0]"
0.7443772582312126,"['d1', 1.0, 0.6, 0.8, 1.0]"
0.7443735064274608,"['d1', 1.0, 0.6, 0.85, 1.0]"
0.7443725324014868,"['d1', 1.0, 0.6, 0.9, 1.0]"
0.7443472780724825,"['d1', 0.0, 0.45, 0.5, 1.0]"
0.7443408891835935,"['d1', 0.0, 0.45, 0.55, 1.0]"
0.7443408891835935,"['d1', 0.0, 0.45, 0.6, 1.0]"
0.7443408891835935,"['d1', 0.0, 0.45, 0.65, 1.0]"
0.7443408891835935,"['d1', 0.0, 0.45, 0.7, 1.0]"
0.7443408891835935,"['d1', 0.0, 0.45, 0.75, 1.0]"
0.7443400558502601,"['d1', 0.0, 0.45, 0.8, 1.0]"
0.7443363040465084,"['d1', 0.0, 0.45, 0.85, 1.0]"
0.7443353300205344,"['d1', 0.0, 0.45, 0.9, 1.0]"
0.7443342125962921,"['d1', 0.0, 0.65, 0.5, 1.0]"
0.7443342125962921,"['d1', 0.0, 0.65, 0.55, 1.0]"
0.7443342125962921,"['d1', 0.0, 0.65, 0.6, 1.0]"
0.7443342125962921,"['d1', 0.0, 0.65, 0.65, 1.0]"
0.7443342125962921,"['d1', 0.0, 0.65, 0.7, 1.0]"
0.7443342125962921,"['d1', 0.0, 0.65, 0.75, 1.0]"
0.7443333792629586,"['d1', 0.0, 0.65, 0.8, 1.0]"
0.7443296274592069,"['d1', 0.0, 0.65, 0.85, 1.0]"
0.7443286534332328,"['d1', 0.0, 0.65, 0.9, 1.0]"
0.7443256114058158,"['d1', 1.0, 0.45, 0.5, 1.0]"
0.7443233792629587,"['d1', 1.0, 0.65, 0.5, 1.0]"
0.7443233792629587,"['d1', 1.0, 0.65, 0.55, 1.0]"
0.7443233792629587,"['d1', 1.0, 0.65, 0.6, 1.0]"
0.7443233792629587,"['d1', 1.0, 0.65, 0.65, 1.0]"
0.7443233792629587,"['d1', 1.0, 0.65, 0.7, 1.0]"
0.7443233792629587,"['d1', 1.0, 0.65, 0.75, 1.0]"
0.7443225459296253,"['d1', 1.0, 0.65, 0.8, 1.0]"
0.7443192225169268,"['d1', 1.0, 0.45, 0.55, 1.0]"
0.7443192225169268,"['d1', 1.0, 0.45, 0.6, 1.0]"
0.7443192225169268,"['d1', 1.0, 0.45, 0.65, 1.0]"
0.7443192225169268,"['d1', 1.0, 0.45, 0.7, 1.0]"
0.7443192225169268,"['d1', 1.0, 0.45, 0.75, 1.0]"
0.7443187941258735,"['d1', 1.0, 0.65, 0.85, 1.0]"
0.7443183891835935,"['d1', 1.0, 0.45, 0.8, 1.0]"
0.7443178200998996,"['d1', 1.0, 0.65, 0.9, 1.0]"
0.7443146373798417,"['d1', 1.0, 0.45, 0.85, 1.0]"
0.7443136633538677,"['d1', 1.0, 0.45, 0.9, 1.0]"
0.7442137364058157,"['d1', 0.0, 0.4, 0.5, 1.0]"
0.744207347516927,"['d1', 0.0, 0.4, 0.55, 1.0]"
0.744207347516927,"['d1', 0.0, 0.4, 0.6, 1.0]"
0.744207347516927,"['d1', 0.0, 0.4, 0.65, 1.0]"
0.744207347516927,"['d1', 0.0, 0.4, 0.7, 1.0]"
0.744207347516927,"['d1', 0.0, 0.4, 0.75, 1.0]"
0.7442065141835936,"['d1', 0.0, 0.4, 0.8, 1.0]"
0.7442027623798417,"['d1', 0.0, 0.4, 0.85, 1.0]"
0.7442017883538676,"['d1', 0.0, 0.4, 0.9, 1.0]"
0.744187069739149,"['d1', 1.0, 0.4, 0.5, 1.0]"
0.7441806808502601,"['d1', 1.0, 0.4, 0.55, 1.0]"
0.7441806808502601,"['d1', 1.0, 0.4, 0.6, 1.0]"
0.7441806808502601,"['d1', 1.0, 0.4, 0.65, 1.0]"
0.7441806808502601,"['d1', 1.0, 0.4, 0.7, 1.0]"
0.7441806808502601,"['d1', 1.0, 0.4, 0.75, 1.0]"
0.7441798475169268,"['d1', 1.0, 0.4, 0.8, 1.0]"
0.744176095713175,"['d1', 1.0, 0.4, 0.85, 1.0]"
0.744175121687201,"['d1', 1.0, 0.4, 0.9, 1.0]"
0.7440560280724824,"['d1', 0.0, 0.35, 0.5, 1.0]"
0.7440496391835937,"['d1', 0.0, 0.35, 0.55, 1.0]"
0.7440496391835937,"['d1', 0.0, 0.35, 0.6, 1.0]"
0.7440496391835937,"['d1', 0.0, 0.35, 0.65, 1.0]"
0.7440496391835937,"['d1', 0.0, 0.35, 0.7, 1.0]"
0.7440496391835937,"['d1', 0.0, 0.35, 0.75, 1.0]"
0.7440488058502602,"['d1', 0.0, 0.35, 0.8, 1.0]"
0.7440450540465084,"['d1', 0.0, 0.35, 0.85, 1.0]"
0.7440440800205345,"['d1', 0.0, 0.35, 0.9, 1.0]"
0.7440293614058159,"['d1', 1.0, 0.35, 0.5, 1.0]"
0.7440229725169268,"['d1', 1.0, 0.35, 0.55, 1.0]"
0.7440229725169268,"['d1', 1.0, 0.35, 0.6, 1.0]"
0.7440229725169268,"['d1', 1.0, 0.35, 0.65, 1.0]"
0.7440229725169268,"['d1', 1.0, 0.35, 0.7, 1.0]"
0.7440229725169268,"['d1', 1.0, 0.35, 0.75, 1.0]"
0.7440221391835937,"['d1', 1.0, 0.35, 0.8, 1.0]"
0.7440183873798417,"['d1', 1.0, 0.35, 0.85, 1.0]"
0.7440174133538677,"['d1', 1.0, 0.35, 0.9, 1.0]"
0.7440036669613715,"['d1', 0.0, 0.7, 0.5, 1.0]"
0.7440036669613715,"['d1', 0.0, 0.7, 0.55, 1.0]"
0.7440036669613715,"['d1', 0.0, 0.7, 0.6, 1.0]"
0.7440036669613715,"['d1', 0.0, 0.7, 0.65, 1.0]"
0.7440036669613715,"['d1', 0.0, 0.7, 0.7, 1.0]"
0.7440036669613715,"['d1', 0.0, 0.7, 0.75, 1.0]"
0.7440028336280382,"['d1', 0.0, 0.7, 0.8, 1.0]"
0.7439990818242864,"['d1', 0.0, 0.7, 0.85, 1.0]"
0.7439981077983122,"['d1', 0.0, 0.7, 0.9, 1.0]"
0.7439928336280383,"['d1', 1.0, 0.7, 0.5, 1.0]"
0.7439928336280383,"['d1', 1.0, 0.7, 0.55, 1.0]"
0.7439928336280383,"['d1', 1.0, 0.7, 0.6, 1.0]"
0.7439928336280383,"['d1', 1.0, 0.7, 0.65, 1.0]"
0.7439928336280383,"['d1', 1.0, 0.7, 0.7, 1.0]"
0.7439928336280383,"['d1', 1.0, 0.7, 0.75, 1.0]"
0.7439920002947049,"['d1', 1.0, 0.7, 0.8, 1.0]"
0.7439882484909531,"['d1', 1.0, 0.7, 0.85, 1.0]"
0.743987274464979,"['d1', 1.0, 0.7, 0.9, 1.0]"
0.7436762165645461,"['d1', 0.0, 0.3, 0.5, 1.0]"
0.7436698276756571,"['d1', 0.0, 0.3, 0.55, 1.0]"
0.7436698276756571,"['d1', 0.0, 0.3, 0.6, 1.0]"
0.7436698276756571,"['d1', 0.0, 0.3, 0.65, 1.0]"
0.7436698276756571,"['d1', 0.0, 0.3, 0.7, 1.0]"
0.7436698276756571,"['d1', 0.0, 0.3, 0.75, 1.0]"
0.7436689943423238,"['d1', 0.0, 0.3, 0.8, 1.0]"
0.743665242538572,"['d1', 0.0, 0.3, 0.85, 1.0]"
0.743664268512598,"['d1', 0.0, 0.3, 0.9, 1.0]"
0.7436445498978794,"['d1', 1.0, 0.3, 0.5, 1.0]"
0.7436381610089904,"['d1', 1.0, 0.3, 0.55, 1.0]"
0.7436381610089904,"['d1', 1.0, 0.3, 0.6, 1.0]"
0.7436381610089904,"['d1', 1.0, 0.3, 0.65, 1.0]"
0.7436381610089904,"['d1', 1.0, 0.3, 0.7, 1.0]"
0.7436381610089904,"['d1', 1.0, 0.3, 0.75, 1.0]"
0.7436373276756572,"['d1', 1.0, 0.3, 0.8, 1.0]"
0.7436335758719054,"['d1', 1.0, 0.3, 0.85, 1.0]"
0.7436326018459314,"['d1', 1.0, 0.3, 0.9, 1.0]"
