feature,pass1_gain
meta,0.6322028857273521
num_jacc,0.06161199059132269
k_c6,0.05198004038703598
j_tset,0.03555283618460378
nf_jw,0.016836855511489345
j_tsort,0.01474161389331374
a_freq_b,0.0099194260594238
n_ratio,0.00953132490037922
n_partial,0.00934206686543817
num_conf,0.00812422011079704
n_mu_b,0.008112478923498735
nf_tset,0.00655101873008374
nr_tset,0.006011726305810309
num_first_eq,0.004855498782317466
n_last_sim,0.004801941768536379
a_cov_b,0.004608492134349001
ntok_n_b,0.004452606046101298
legal_conf,0.004277957454301579
n_freq_s1_b,0.004259703117440983
s_c6,0.004217838458880297
a_ovl,0.0039982065748316985
n_jw,0.00391652009162325
n_cos_w,0.0038500598697295803
skel_jacc,0.0037863492720420795
af_tset,0.003681788760201833
a_mu_b,0.003439108646678883
a_cont_b,0.0032424434851133594
n_idf_b,0.0030768777389207453
n_lcs,0.003032346986668471
n_prefix,0.002721188544497594
n_var_sd,0.002575933839546069
n_freq_s1_a,0.0024906913490114944
post_conf2,0.0023641048153298775
n_first_sim,0.0023331046002845824
n_freq_pool_b,0.002162557962429487
ntok_a_b,0.002099283490376959
a_lev,0.0020028678592260117
a_mu_a,0.0019693739161505946
a_tsort,0.0019445238330433393
legal_miss1,0.0018832118240189389
name_in_addr_a,0.0017398119144167799
n_lev,0.0017315401749636327
n_freq_pool_a,0.001600089767697629
k_c9,0.0014839334305158493
a_tset,0.0014653999533527143
num_shared,0.0014302429957538246
n_sd,0.001417366513488541
legal_eq,0.0014018861691577522
a_jw,0.0013697397270748082
af_sd,0.0013420367032677873
ntok_a_a,0.0013024902762206298
s_c5,0.0012932104028295893
n_tsort,0.0012655857139521312
n_sh_min,0.0012257981332647095
af_partial,0.0011801528894279634
n_idf_a,0.0011635796103188084
a_freq_a,0.0011417110623023218
a_partial,0.0011412261507812078
k_c5,0.0011020390651062168
n_cov_b,0.0010882424409095913
a_lcs,0.0009699214592842727
a_sh_max,0.000940495968727968
a_cont_a,0.0009101842730058825
n_var_gain,0.0008864255035976008
n_sh_max,0.00084828671565533
s_c9,0.0008142369372315598
n_ch,0.0007900502957113692
n_cov_a,0.0007690502424702098
n_mu_a,0.0006751008884500266
n_first_eq,0.0006390923904078019
a_cov_a,0.0006117273182267588
ntok_n_a,0.0005864191482508403
s_c2,0.0005254392939491058
n_tset,0.0005117257103190041
a_cos_w,0.00047543971641628304
a_sd,0.0004393933014367455
name_in_addr_b,0.0003734821983509709
post_miss1,0.00034966338351385826
s_c4,0.00034487174909145706
k_c4,0.00033102096610429076
is_s3,0.00032755843518521364
k_c2,0.00032404070410568694
j_cos_c,0.00026416335427555175
a_cos_c,0.00022284075837749974
post_eq2,0.0001950508041846283
n_cos_c,0.00017887605988804798
lm_cross,0.0001000854428472685
acronym,8.78783759211337e-05
nnum_eq,4.236292898520637e-05
nnum_conf,1.5967169025535848e-05
a_empty_a,0.0
a_empty_b,0.0
n_cos_s,0.0
s_c1,0.0
k_c1,0.0
s_c3,0.0
k_c3,0.0
s_c7,0.0
k_c7,0.0
s_c8,0.0
k_c8,0.0
same_cty,0.0
n_cands,0.0
pass2:p1_rel,0.4961615206069771
pass2:p1,0.4556596432275971
pass2:meta,0.015081677897674714
pass2:gap_to_s1_best,0.010493154234641318
pass2:s1_p1_sum,0.007079996100331574
pass2:s1_p1_max,0.005188640679844954
pass2:num_jacc,0.0009117686503128132
pass2:s1_p1_2nd,0.0008161366979807927
pass2:sib_support,0.0006642138556264178
pass2:nf_jw,0.0005026235286818921
pass2:j_tsort,0.0003998494971297669
pass2:a_ovl,0.0003887365406973095
pass2:rank_in_s1,0.00036988973252266615
pass2:sib_name_sim,0.0003210433723502181
pass2:n_strong_in_s1,0.0003140044051808184
pass2:n_partial,0.0002537621833040868
pass2:nr_tset,0.00021119007462428412
pass2:n_freq_s1_a,0.00019742977051863866
pass2:k_c5,0.00019590358985162204
pass2:nf_tset,0.00017130795479350594
pass2:a_freq_b,0.0001689320892797307
pass2:n_idf_b,0.00015662152133271334
pass2:n_freq_pool_a,0.00013919776575604142
pass2:j_tset,0.00013082779197263293
pass2:sib_count,0.00011394009263778531
pass2:n_ratio,0.00011333498079070094
pass2:n_freq_pool_b,0.00011269994762001692
pass2:a_jw,0.00011045502349873933
pass2:n_idf_a,0.00011008221383090232
pass2:n_mid_in_s1,0.0001086399494412296
pass2:n_sh_min,0.0001042662814259423
pass2:af_sd,0.00010097224309330018
pass2:a_tsort,0.00010025523942616694
pass2:s_c6,9.851424889823756e-05
pass2:ntok_n_b,9.549626692313073e-05
pass2:a_mu_b,9.480668345522689e-05
pass2:a_tset,9.232564346605856e-05
pass2:s_c5,8.931989688534273e-05
pass2:a_lcs,8.859303802388916e-05
pass2:a_lev,8.608978984394942e-05
pass2:n_lev,8.575484994852032e-05
pass2:n_freq_s1_b,8.233299420614398e-05
pass2:a_cov_b,7.971560440864799e-05
pass2:a_partial,7.953459637763569e-05
pass2:a_cont_a,7.908889611403825e-05
pass2:n_tsort,7.818370282647824e-05
pass2:n_jw,7.49552408044905e-05
pass2:af_tset,7.479907450466165e-05
pass2:k_c4,7.371364388600696e-05
pass2:n_var_sd,7.260846909701646e-05
pass2:n_lcs,7.089868381336362e-05
pass2:a_cont_b,7.062020315312082e-05
pass2:a_cos_w,7.02766530717116e-05
pass2:n_cov_b,6.997488410506171e-05
pass2:a_freq_a,6.752472530198862e-05
pass2:n_last_sim,6.58109745581562e-05
pass2:af_partial,6.51051782853139e-05
pass2:a_mu_a,6.459549725855478e-05
pass2:n_cos_w,6.145437933803986e-05
pass2:s_c4,5.9840785473679314e-05
pass2:a_cov_a,5.7933025362301136e-05
pass2:ntok_a_a,5.578913153018936e-05
pass2:n_sh_max,5.5060742376590375e-05
pass2:ntok_a_b,5.446204316401759e-05
pass2:n_prefix,5.0535199738731505e-05
pass2:k_c6,4.878706487074021e-05
pass2:s_c9,4.716438191826298e-05
pass2:skel_jacc,4.6892301509638875e-05
pass2:a_sd,4.438326676768904e-05
pass2:j_cos_c,3.731650284129066e-05
pass2:n_var_gain,3.693554281749414e-05
pass2:legal_eq,3.520698722713411e-05
pass2:legal_conf,2.9800682708348936e-05
pass2:k_c2,2.7986095994670884e-05
pass2:a_sh_max,2.7245124144008723e-05
pass2:num_first_eq,2.7123834867879664e-05
pass2:s_c2,2.7103440981584458e-05
pass2:name_in_addr_a,2.3376778921572307e-05
pass2:n_ch,2.167072230183948e-05
pass2:a_cos_c,2.0583558943231847e-05
pass2:legal_miss1,1.869409549011176e-05
pass2:n_cos_c,1.8366475707690426e-05
pass2:k_c9,1.67631199304195e-05
pass2:ntok_n_a,1.5765599883046373e-05
pass2:n_first_sim,1.4572087642956772e-05
pass2:num_shared,1.2264042539944804e-05
pass2:n_tset,1.1469181659423045e-05
pass2:n_cov_a,1.1397915504572001e-05
pass2:post_miss1,9.32229487725531e-06
pass2:is_s3,9.061749832471886e-06
pass2:lm_cross,8.395526015230573e-06
pass2:name_in_addr_b,8.284182704016325e-06
pass2:n_sd,8.1239249561827e-06
pass2:n_mu_a,6.162583314129745e-06
pass2:n_first_eq,3.741721440053593e-06
pass2:nnum_eq,1.907874491872588e-06
pass2:num_conf,1.842965440541362e-06
pass2:nnum_conf,1.4694989275395453e-06
pass2:post_eq2,1.2264820410083132e-06
pass2:n_mu_b,7.496476424839589e-07
pass2:acronym,4.1025619587467924e-07
pass2:post_conf2,0.0
pass2:a_empty_a,0.0
pass2:a_empty_b,0.0
pass2:n_cos_s,0.0
pass2:s_c1,0.0
pass2:k_c1,0.0
pass2:s_c3,0.0
pass2:k_c3,0.0
pass2:s_c7,0.0
pass2:k_c7,0.0
pass2:s_c8,0.0
pass2:k_c8,0.0
pass2:same_cty,0.0
pass2:n_cands,0.0
